id	chrom	pos	ref	alt	type	status	truth_gt	call_gt	genotype_match	expected_consequence	observed_consequence	consequence_match
V15	chrS	1000	T	C	SNV	TP	1/1	1/1	True	intergenic_variant	intergenic_variant	True
V16	chrS	2000	C	T	SNV	TP	0/1	0/1	True	intergenic_variant	intergenic_variant	True
V05	chrS	3002	T	C	SNV	TP	0/1	0/1	True	start_lost	start_lost	True
V01	chrS	3075	C	T	SNV	TP	0/1	0/1	True	synonymous_variant	synonymous_variant	True
V02	chrS	3118	C	T	SNV	TP	0/1	0/1	True	stop_gained	stop_gained	True
V06	chrS	3156	G	A	SNV	TP	0/1	0/1	True	splice_donor_variant	splice_donor_variant	True
V07	chrS	3355	G	A	SNV	TP	0/1	0/1	True	intron_variant	intron_variant	True
V03	chrS	3598	C	T	SNV	TP	1/1	1/1	True	missense_variant	missense_variant	True
V04	chrS	3658	G	A	SNV	TP	0/1	0/1	True	missense_variant	missense_variant	True
V08	chrS	3729	TG	T	INDEL	TP	0/1	0/1	True	frameshift_variant	frameshift_variant	True
V09	chrS	4198	ATTC	A	INDEL	TP	0/1	0/1	True	inframe_deletion	inframe_deletion	True
V17	chrS	5301	A	G	SNV	TP	0/1	0/1	True	intergenic_variant	intergenic_variant	True
V19	chrS	6101	G	GGC	INDEL	TP	0/1	0/1	True	intergenic_variant	intergenic_variant	True
V13	chrS	6924	G	GT	INDEL	TP	0/1	0/1	True	frameshift_variant	frameshift_variant	True
V12	chrS	6957	G	A	SNV	TP	1/1	1/1	True	stop_gained	stop_gained	True
V14	chrS	7036	T	C	SNV	TP	0/1	0/1	True	splice_acceptor_variant	splice_acceptor_variant	True
V11	chrS	7511	T	C	SNV	TP	0/1	0/1	True	missense_variant	missense_variant	True
V10	chrS	7585	T	C	SNV	TP	0/1	0/1	True	synonymous_variant	synonymous_variant	True
V18	chrS	9173	GT	G	INDEL	TP	0/1	0/1	True	intergenic_variant	intergenic_variant	True
